Column1,Column2,Column3,Column4,Column5,Column6,Column7,Column8,Column9,Column10,Column11,Column12,Column13
1373159975841718274 2021-03-20 12:00:24 +0530 <szanJu__> #westandforfarmers #MyFarmer_MyPride,,,,,,,,,,,,
1359086283952324612 2021-02-09 15:56:35 +0530 <himachal_abhi> ‡§π‡§∞‡§ø‡§Ø‡§æ‡§£‡§æ ‡§ï‡§ø‡§∏‡§æ‡§® ‡§Æ‡§π‡§æ‡§™‡§Ç‡§ö‡§æ‡§Ø‡§§ : Singer Rupinder Handa ‡§®‡•á ‡§ï‡§ø‡§Ø‡§æ ‡§π‡§∞‡§ø‡§Ø‡§æ‡§£‡§æ ‡§ó‡•å‡§∞‡§µ ‡§∏‡§Æ‡•ç‡§Æ‡§æ‡§® ‡§≤‡•å‡§ü‡§æ‡§®‡•á ‡§ï‡§æ ‡§ê‡§≤‡§æ‡§®, ‡§ü‡§ø‡§ï‡•à‡§§ ‡§≠‡•Ä ‡§™‡§π‡•Å‡§Ç‡§ö‡•á #HaryanaGauravSamman #RakeshTikait #RupinderHanda #RakeshTikait #KisanMahapanchayat #FarmersProtest #westandforfarmers #RakeshTiket #KisanAndolan  https://t.co/xGhZNO59kY,,,,,,,,,,,
1358798169878851596 2021-02-08 20:51:43 +0530 <KaurS50457963> #Releasenodeep #farmersprotest  #releasedetainedfarmers Use #Wesupportthetruth to support farmers and Nodeep   @taapsee @TarsemJassar_ @GippyGrewal @ANI @AmmyVirk @BawaRanjit @harbhajanmann #westandforfarmers  https://t.co/YRKb7Jrv8Y,,,,,,,,,,,,
1357699154345156615 2021-02-05 20:04:37 +0530 <jarmans45948903> No farmer no food #westandforfarmers  #FarmersAreIndia,,,,,,,,,,,,
1357354527154982919 2021-02-04 21:15:12 +0530 <SultanP94449118> ‡§Ü‡§®‡•á ‡§µ‡§æ‡§≤‡•á ‡§ö‡•Å‡§®‡§æ‡§µ ‡§Æ‡•á‡§Ç ‡§Ö‡§Ç‡§ó‡•ç‡§∞‡•á‡§ú ‡§ï‡•Ä ‡§î‡§≤‡§æ‡§¶‡•ã‡§Ç ‡§ï‡•ã ‡§î‡§ï‡§æ‡§§ ‡§¶‡§ø‡§ñ‡§æ‡§®‡•á ‡§ï‡§æ ‡§∏‡§Æ‡§Ø ‡§Ü ‡§ó‡§Ø‡§æ ‡§π‡•à‡•§ ‡§¶‡•á‡§∂, ‡§∏‡§Ç‡§µ‡§ø‡§ß‡§æ‡§® ‡§î‡§∞ ‡§≤‡•ã‡§ï‡§§‡§Ç‡§§‡•ç‡§∞ ‡§ï‡•ã ‡§π‡•à ‡§¨‡§ö‡§æ‡§®‡§æ ‡§§‡•ã ‡§ó‡§¶‡•ç‡§¶‡§æ‡§∞‡•ã‡§Ç ‡§ï‡•ã ‡§π‡•ã‡§ó‡§æ ‡§ú‡•á‡§≤ ‡§Æ‡•á‡§Ç ‡§ú‡§æ‡§®‡§æ‡•§‡•§ ‡§µ‡§ø‡§ö‡§æ‡§∞ ‡§¨‡§¶‡§≤‡•ã ‡§∏‡§∞‡§ï‡§æ‡§∞ ‡§¨‡§¶‡§≤‡•ã #westandforfarmers,,,,,,,,,,,
"1357268037758455809 2021-02-04 15:31:31 +0530 <deeghosh> @ani_digital @ANI If farmers protest is India's internal matter then speak why in US Modi ne kaha ""aglibar trump sarkar?"" Why he said ?  #WeStandForFarmers",,,,,,,,,,,,
1357257678825811975 2021-02-04 14:50:21 +0530 <AakreetiL> @taapsee thanks mam nd don't rply to @KanganaTeam bcz mam we don't need to argue with bhakts hume bimari se ladna hai bimar se nai üåºüåºüåºüåøüåøüåø #westandforfarmers,,,,,,,,,,,,
1357137244327346177 2021-02-04 06:51:48 +0530 <GURJIND75855729> #westandforfarmers,,,,,,,,,,,,
1356977133059457032 2021-02-03 20:15:34 +0530 <Boss38670426> Ye Silsila kya yuhi Chalta Rahega, Siyasat apni chaalo se kab tak kisaan ko chhalta rahega!  #SaveFarmers #WeStandForFarmers #KisanEktaMorcha  https://t.co/vmqQvL35U8,,,,,,,,,,,
1356947580886732802 2021-02-03 18:18:08 +0530 <SalmanSiddiqiIn> Ye Silsila kya yuhi Chalta Rahega, Siyasat apni chaalo se kab tak kisaan ko chhalta rahega!üò≠üò≠üò≠  #SaveFarmers #WeStandForFarmers #KisanEktaMorcha  https://t.co/0KZcBGqx9L,,,,,,,,,,,
1356920984712802307 2021-02-03 16:32:27 +0530 <AbdallahAIMIM> Ye Silsila kya yuhi Chalta Rahega, Siyasat apni chaalo se kab tak kisaan ko chhalta rahega!  #SaveFarmers #WeStandForFarmers #KisanEktaMorcha  https://t.co/W9lLM3DwrM,,,,,,,,,,,
1356902144155164674 2021-02-03 15:17:35 +0530 <RamanMa42431012> @KanganaTeam bhagtooo ki jalliiii toh hai üñïüèø.   #FarmersProtests #TractorMarchDelhi #westandforfarmers  https://t.co/ZnC1t7MbLJ,,,,,,,,,,,,
1356889616016580609 2021-02-03 14:27:48 +0530 <Maroofhussain86> #SaveFarmers #WeStandForFarmers #KisanEktaMorcha,,,,,,,,,,,,
1356886446217469952 2021-02-03 14:15:13 +0530 <BasirMkOfficial> Ye Silsila Kya Yuhi Chalta Rahega, Siyasat Apni Chaalo se Kab Tak Kisaan Ko Chhalta Rahega!   #SaveFarmers #WeStandForFarmers  https://t.co/UdqXo77gHH,,,,,,,,,,,
1356871211775496193 2021-02-03 13:14:40 +0530 <irfankhan1802> Ye Silsila kya yuhi Chalta Rahega, Siyasat apni chaalo se kab tak kisaan ko chhalta rahega!  #SaveFarmers #WeStandForFarmers #KisanEktaMorcha  https://t.co/ZVLbQRF4dP,,,,,,,,,,,
1356850590681165824 2021-02-03 11:52:44 +0530 <goldy_aman> #westandforfarmers  #JusticeForNavreet,,,,,,,,,,,,
1356725734555803648 2021-02-03 03:36:36 +0530 <RaviBachhal17> @rihanna #ShameonModiGovt Modi's basic agenda is to sell the whole country to handful cooperate families and in return the public will be in their hands soon.they can mold the coutry anyway they want. Indian GDP came to - 29 #westandforfarmers #NoFarmerNoFood,,,,,,,,,,,,
1356325654724308993 2021-02-02 01:06:50 +0530 <guesswhatnah> @jedijasmin_ @pushpeksidhu is the EXACT same as #alllivesmatter . #BlackLivesMatter  was to bring awareness to issues faced by the black community. Therefore using their hashtag and modifying it a bit is not correct. #westandforfarmers is better. That is all.,,,,,,,,,,,,
1355359037890588674 2021-01-30 09:05:50 +0530 <rupinderhandarh> #westandforfarmers #RakeshTiket #KisanAndolan  https://t.co/y6QppXcEeY,,,,,,,,,,,,
1355237856126504960 2021-01-30 01:04:18 +0530 <mohitsharma4773> Imagine if they start protesting the same way how all protests happen in India where people get violent.  #KisaanEktaJindabaad  #Westandforfarmers #NoFarmersNoFood,,,,,,,,,,,,
1354865913560928258 2021-01-29 00:26:20 +0530 <VishalMassey14> Aj kisano ko rulane walo  Us din ka intezaar kro jis din anaaz ke liye tum.roge Wait for God's Judgement ‚úã #KisanAndolan #KisanTractorRally #KisanParade #modi_kayar_hai  #Westandforfarmers,,,,,,,,,,,,
1351402786894737416 2021-01-19 11:05:06 +0530 <MdAtaullah121> ‡§π‡•Å‡§ï‡•ç‡§Æ‡§∞‡§æ‡§® ‡§π‡•ã ‡§ó‡§è ‡§¨‡§π‡§∞‡•á ‡§î‡§∞ ‡§Ö‡§Ç‡§ß‡•á ‡§≤‡•ã‡§ó! ‡§ñ‡§æ‡§ï ‡§Æ‡•á‡§Ç ‡§Æ‡§ø‡§≤ ‡§ó‡§è ‡§®‡§ó‡•Ä‡§®‡•á ‡§≤‡•ã‡§ó, ‡§π‡§∞ ‡§Æ‡•Å‡§π‡§ø‡§¨‡•á ‡§µ‡§§‡§® ‡§ú‡§≤‡•Ä‡§≤ ‡§π‡•Å‡§Ü, ‡§∞‡§æ‡§§ ‡§ï‡§æ ‡§´‡§æ‡§∏‡§≤‡§æ ‡§§‡§¨‡§ø‡§≤ ‡§π‡•Å‡§Ü, ‡§Ö‡§Æ‡•Ä‡§∞‡•ã‡§Ç ‡§ï‡•á ‡§ó‡•Ä‡§§ ‡§ú‡•ã ‡§ó‡§æ‡§§‡•á ‡§∞‡§π‡•á, ‡§µ‡§π‡•Ä‡§Ç ‡§®‡§Æ‡•ã‡§¶‡§æ‡§¶ ‡§™‡§æ‡§§‡•á ‡§∞‡§π‡•á, ‡§∞‡•à‡§π‡§ú‡§®‡•ã ‡§®‡•á ‡§∞‡•à‡§π‡§ú‡§®‡•Ä ‡§ï‡•Ä ‡§•‡•Ä, ‡§∞‡•à‡§π‡§¨‡§∞‡•ã ‡§®‡•á ‡§≠‡•Ä ‡§ï‡•ç‡§Ø‡§æ ‡§ï‡§Æ‡•Ä ‡§ï‡•Ä ‡§•‡•Ä‡•§ #westandforfarmers,,,,,,
1349195716132892672 2021-01-13 08:55:00 +0530 <DaasFilms> Happy Lohri to You &amp; Your Family From Our Whole Team @DaasFilms  . #daasfilms #daasstudios #clapstudioz . #westandforfarmers #farmerprotest #wesupportfarmers #dillichalo #takebacklaws  #farmersprotesthijacked #FarmersBill2020  #Tractor2Twitter  #Lohri  #festival  #india  https://t.co/yK3GFpasJ6,,,,,,,,,,,,
1348986357339754497 2021-01-12 19:03:05 +0530 <sikhnews247> sikhnews247: asmeet_s: #TakeBackFarmLaws #IndiaSupportFarmerProtest #SpeakUpForFarmers #IStandWithFarmers #standwithfarmerschallenge #KisaanMajdoorEktaZindabad #KisaanEktaZindabad #FarmersProtest #westandforfarmers #supportourfarmers #StandWithFarmers‚Ä¶  https://t.co/tpiTrBEELN,,,,,,,,,,,,
1348964676370128896 2021-01-12 17:36:56 +0530 <sikhnews247> sikhnews247: asmeet_s: #TakeBackFarmLaws #IndiaSupportFarmerProtest #SpeakUpForFarmers #IStandWithFarmers #standwithfarmerschallenge #KisaanMajdoorEktaZindabad #KisaanEktaZindabad #FarmersProtest #westandforfarmers #supportourfarmers #StandWithFarmers‚Ä¶  https://t.co/tpiTrBn3Uf,,,,,,,,,,,,
1348013014650400768 2021-01-10 02:35:22 +0530 <sikhnews247> sikhnews247: asmeet_s: #TakeBackFarmLaws #IndiaSupportFarmerProtest #SpeakUpForFarmers #IStandWithFarmers #standwithfarmerschallenge #KisaanMajdoorEktaZindabad #KisaanEktaZindabad #FarmersProtest #westandforfarmers #supportourfarmers #StandWithFarmers‚Ä¶  https://t.co/8mHj68fhPH,,,,,,,,,,,,
1347997020167008262 2021-01-10 01:31:48 +0530 <sikhnews247> asmeet_s: #TakeBackFarmLaws #IndiaSupportFarmerProtest #SpeakUpForFarmers #IStandWithFarmers #standwithfarmerschallenge #KisaanMajdoorEktaZindabad #KisaanEktaZindabad #FarmersProtest #westandforfarmers #supportourfarmers #StandWithFarmers #iamwithfarmers  https://t.co/OhWpXEVrxh,,,,,,,,,,,,
1347777980962107399 2021-01-09 11:01:25 +0530 <sikhnews247> sikhnews247: asmeet_s: #TakeBackFarmLaws #IndiaSupportFarmerProtest #SpeakUpForFarmers #IStandWithFarmers #standwithfarmerschallenge #KisaanMajdoorEktaZindabad #KisaanEktaZindabad #FarmersProtest #westandforfarmers #supportourfarmers #StandWithFarmers‚Ä¶  https://t.co/8mHj68fhPH,,,,,,,,,,,,
1347207956681486337 2021-01-07 21:16:21 +0530 <Saheb43518888> #26thJanWithFarmers  We stand for farmers #26thJanWithFarmers  #26thJanWithFarmers  #farmerparade #westandforfarmers,,,,,,,,,,,,
1347038944035299329 2021-01-07 10:04:45 +0530 <sikhnews247> asmeet_s: #TakeBackFarmLaws #IndiaSupportFarmerProtest #SpeakUpForFarmers #IStandWithFarmers #standwithfarmerschallenge #KisaanMajdoorEktaZindabad #KisaanEktaZindabad #FarmersProtest #westandforfarmers #supportourfarmers #StandWithFarmers #iamwithfarmers  https://t.co/OhWpXEVrxh,,,,,,,,,,,,
1347023874257465344 2021-01-07 09:04:52 +0530 <asmeet_s> #TakeBackFarmLaws #IndiaSupportFarmerProtest #SpeakUpForFarmers #IStandWithFarmers  #standwithfarmerschallenge #KisaanMajdoorEktaZindabad  #KisaanEktaZindabad #FarmersProtest #westandforfarmers #supportourfarmers  #StandWithFarmers  #iamwithfarmers  https://t.co/OOERAWttsT,,,,,,,,,,,,
1342104225069760513 2020-12-24 19:15:57 +0530 <GuitaristIndian> Bas aahi chakar ch modi nahi manda üò† @GippyGrewal @diljitdosanjh #KisanAandolan #westandforfarmers #kisanandolan  https://t.co/QRcEEDmzoE,,,,,,,,,,,,
1341607262247395330 2020-12-23 10:21:11 +0530 <asmeet_s> #FarmersProtestingOnFarmersDay #TakeBackFarmLaws #IndiaSupportFarmerProtest #SpeakUpForFarmers #IStandWithFarmers  #standwithfarmerschallenge #KisaanMajdoorEktaZindabad  #KisaanEktaZindabad #FarmersProtest #westandforfarmers #supportourfarmers  #StandWithFarmers  #iamwithfarmers,,,,,,,,,,,,
1341294173811437569 2020-12-22 13:37:05 +0530 <HariHusanpreet> ‡®ú‡®ø‡©∞‡®®‡©Ä ‡®ú‡®ø‡©∞‡®®‡©Ä ‡®µ‡©à‡®∞‡©Ä ‡®Ö‚Äç‚Äå‡®§ ‡®ö‡®ï‡®£‡©Ä ‡®â‡®®‡®æ ‡®ì‡®®‡®æ ‡®∏‡®ø‡®¶‡®ï‡®æ‡®Ç ‡®®‡©á ‡®™‡®ï‡®£‡®æü§û  #FarmerLivesMatter #westandforfarmers #FarmersProtest #KisaanMajdoorEktaZindabad  https://t.co/fXFs4VjrCW,,,,,,,,,,,,
1341096950435758083 2020-12-22 00:33:24 +0530 <Shadabakhta1988> @sushant_says Last year in this Cold we were sit at Shaheen Bagh for CAA Protests , today we are sit  and protesting For Farming Act... Don't know what next...?? #KisanEktaZindaabaad #westandforfarmers,,,,,,,,,,,
"1341009548568477704 2020-12-21 18:46:05 +0530 <Parminder51ngh> Eh ta ohi gall hoi    ""tera mooh te tera mera mooh te mera"" ...  Saanu ""saropa"" (‡®∏‡®ø‡®∞‡©ã‡®™‡®æ‡®ì) di ehmiyat ate isda satkaar samjana ate samjona jroor chahida....üôèüèº #kisaanmajdoorektazindabad  #westandforfarmers #sikh",,,,,,,,,,,,
1340960757349904384 2020-12-21 15:32:13 +0530 <KamalBatth9> üòÇüòÇ#westandforfarmers #FarmersProtest,,,,,,,,,,,,
1340660962471280640 2020-12-20 19:40:56 +0530 <5aabN> ‡®™‡©ç‡®∞‡®ß‡®æ‡®® ‡®Æ‡©∞‡®§‡®∞‡©Ä Narendra Modi ‡®¶‡©Ä ‡®π‡®∞ ‡®ó‡©±‡®≤ ‡®®‡©Ç‡©∞ ‡®ï‡®ø‡®∏‡®æ‡®® ‡®®‡©á‡®§‡®æ Jagjit Singh Dallewal  ‡®®‡©á ‡®¶‡®ø‡®§‡©á ‡®∏‡®ø‡©±‡®ß‡©á ‡®ú‡®µ‡®æ‡®¨‡•§ #JagjitSinghDalewal #NarendraModi #5aabnow #westandforfarmers   https://t.co/fzhSrRCoap,,,,,,,,,,,,
1339882774937755648 2020-12-18 16:08:42 +0530 <KamalBatth9> üöúüöú‚úä#FarmersProtest #westandforfarmers  https://t.co/wkCLWcgwf8,,,,,,,,,,,,
1339788699333103616 2020-12-18 09:54:52 +0530 <preettaspuria> kisani jindabad  #standforfarmerschallenge  #westandforfarmers  #ShameonModiGovt #trector2tweeter,,,,,,,,,,,,
1339623350767812608 2020-12-17 22:57:50 +0530 <farmer_sidhu> #westandforfarmers  ‡§ï‡•Å‡§§‡•ç‡§§‡•á ‡§ï‡•á ‡§¨‡§ö‡•ç‡§ö‡•ã‡§Ç ‡§ï‡•Ä ‡§Ü‡§Ç‡§ñ‡•á‡§Ç 7 ‡§¶‡§ø‡§® ‡§Æ‡•á‡§Ç ‡§ñ‡•Å‡§≤ ‡§ú‡§æ‡§§‡•Ä ‡§π‡•à ‡§™‡§∞ ‡§Ö‡§Ç‡§ß ‡§≠‡§ï‡•ç‡§§‡•ã ‡§ï‡§æ ‡§™‡§ø‡§õ‡§≤‡•á 6 ‡§∏‡§æ‡§≤ ‡§∏‡•á ‡§µ‡§π‡•Ä ‡§π‡§æ‡§≤ ‡§π‡•à!!,,,,,,,,,,,,
1339595558311227397 2020-12-17 21:07:24 +0530 <Amrinde51085099> ‡®Ö‡®∏‡©Ä‡®Ç ‡®ú‡®ø‡©±‡®§‡®¶‡©á ‡®π‡®æ‡®Ç ‡®ú‡®æ‡®Ç ‡®Æ‡®∞ ‡®ú‡®æ‡®Ç‡®¶‡©á ‡®π‡®æ‡®Ç  ‡®™‡®∞ ‡®Ö‡®∏‡©Ä‡®Ç ‡®ó‡©ã‡®°‡©á ‡®®‡®π‡©Ä‡®Ç ‡®ü‡©á‡®ï‡®¶‡©á!! #SupportFarmersProtest #westandforfarmers,,,,,,,,,,,,
1339502517475037185 2020-12-17 14:57:41 +0530 <Sandeep83255359> #bycott_pm_narendra_modi_challenge #Boycott_JioSaavn #BoycottAmbaniAdani #BoycottRelianceProducts #BoycottJioSIM #FarmersProtest #westandforfarmers @diljitdosanjh @KanganaTeam @BawaRanjit  https://t.co/tiPzDoDkjU,,,,,,,,,,,,
1339443300764303362 2020-12-17 11:02:23 +0530 <Baljind60984477> #westandforfarmers,,,,,,,,,,,,
1339299842921664512 2020-12-17 01:32:20 +0530 <sbirgidda> 'Mott'-of-Democracy-inIndia (MODI) #westandforfarmers #farmerprotest #wesupportfarmers #DilliChalo #SupremeCourtStand4Farmers #FarmersAgainstCorporates #kisanandolan,,,,,,,,,,,,
1339233852506722304 2020-12-16 21:10:06 +0530 <asmeet_s> #istandwithfarmers #standwithfarmerschallenge #KisaanMajdoorEktaZindabad  #KisaanEktaZindabad #FarmersProtest #westandforfarmers #supportourfarmers  #StandWithFarmers  #iamwithfarmers,,,,,,,,,,,,
1339058419274194944 2020-12-16 09:33:00 +0530 <HarryBhullar91> #SupremeCourtStand4Farmers   #BoycottJio #BoycottJioSIM #BoycottAmbaniAdani #FarmersAgainstCorporates #westandforfarmers #kisanandolan #KisanMajdoorEktaZindabad,,,,,,,,,,,,
1338926677825470464 2020-12-16 00:49:30 +0530 <SheikhZ97135144> #westandforfarmers üôèüôèüôèüôèüôèüôèüôè #weagainstblackbill2020 üôåüôåüôåüôåüôåüôåüôå #miyabhaikosalam üëçüëçüëçüëçüëçüëçüëç  https://t.co/VKcOk9SlR8,,,,,,,,,,,,
1338828760896819200 2020-12-15 18:20:25 +0530 <YadDhaliwal7> ##westandforfarmers #agriculture #FarmersProstests ##kissanmajdoorektazindabad,,,,,,,,,,,,
1338756727496306689 2020-12-15 13:34:11 +0530 <bindybrar1> Farmers Protest in Cologne, Germany. üåæüöú  Vielen Dank an alle die da waren! üôèüèΩ   #westandforfarmers = West And For Farmers   #kisaan #farmersprotest #nofarmersnofood #standwithfarmers #kisaanmajdoorektazindabad  #Tractor2Twitter #Germany  https://t.co/20sXSEcq3y,,,,,,,,,,,
1338746751851790336 2020-12-15 12:54:33 +0530 <anbhol_saab> Farmers Protest in Cologne, Germany. üåæüöú  #westandforfarmers,,,,,,,,,,,
1338742526333710336 2020-12-15 12:37:45 +0530 <garymahal70> This is what u called a Dictatorship #ModiSellingFarmers #TakeBackAntiFarmLaws #WeStandForFarmers,,,,,,,,,,,,
1338730687348654080 2020-12-15 11:50:42 +0530 <CrazySniper5> #WeStandForFarmers #NoFarmerNoFoos #FarmerProtest #Tractor2Twitter  #TakeBackFarmBills,,,,,,,,,,,,
1338534239675944962 2020-12-14 22:50:06 +0530 <ManpreetBrar899> #WeStandForFarmers #FarmerProtest  #Tractor2Twitter  #FarmersProtest #HumanRights4farmers  Speak up for farmers...,,,,,,,,,,,,
1338481396189302790 2020-12-14 19:20:07 +0530 <flyingstarsgrp> We Stand with Farmers NO FARMERS NO FOOD!!!  Our Website:  https://t.co/s1AqX3YmJd Mail us: info@flyingstars.co Call Us: +91 9949454848  #WeSupportFarmers  #SupportFarmersProtest  #westandforfarmers #westandforfarmers #NoFarmersNoFood  #IndianFarmersNeedJustice  #FarmersProtest  https://t.co/9PnljqMhPJ,,,,,,,,,,,,
1338435701021564928 2020-12-14 16:18:32 +0530 <Punjab2000music> Farmers Protest in Cologne, Germany. üåæüöú  Vielen Dank an alle die da waren! üôèüèΩ   #westandforfarmers = West And For Farmers   #kisaan #farmersprotest #nofarmersnofood #standwithfarmers #kisaanmajdoorektazindabad  #Tractor2Twitter #Germany  https://t.co/GKlNFHHsK4,,,,,,,,,,,
1338428529168420864 2020-12-14 15:50:02 +0530 <gurpree02454960> #WeSupportFarmers #KisanMajdoorEktaZindabad #westandforfarmers,,,,,,,,,,,,
1338410618487853056 2020-12-14 14:38:52 +0530 <Deepu59506982> #westandforfarmers,,,,,,,,,,,,
1338340199693086722 2020-12-14 09:59:03 +0530 <gujjar_manvir> #westandforfarmers,,,,,,,,,,,,
1338309354437537794 2020-12-14 07:56:29 +0530 <zaildaarjass79> #Boycott_JioSavan  #WeStandForFarmers  SARBHAT DA BALAH üôèüèª  https://t.co/Ger1mxehgq,,,,,,,,,,,,
1338261663334559744 2020-12-14 04:46:58 +0530 <HargurjitSing10> #weStandforfarmers  #FarmersProtests2020 #WeUnitedForFarmers #BoycottJioSaavn  #TakeBackFarmLaws2020  https://t.co/WMczYsOI0x,,,,,,,,,,,,
1338155915480948736 2020-12-13 21:46:46 +0530 <HarshdeepkKaur> @birsinghmusic @IamAmrinderGill @diljitdosanjh @AmmyVirk @rupikaur_ @KaurBmusic @kamaljitneeru @udhoke @iSharryMann @ZoraWorldwide #westandforfarmers #TakeBackFarmLaws,,,,,,,,,,,,
1338075416184012802 2020-12-13 16:26:54 +0530 <Sukhdee61161865> #westandforfarmers,,,,,,,,,,,,
1338072716566360066 2020-12-13 16:16:10 +0530 <HashmiMashuk> Poverty is the greatest teacher who encourages us to move forward. . . #education #Poverty #truelines #biggestachievement #‡§ï‡§ø‡§∏‡§æ‡§®_‡§ï‡§Æ‡§≤_‡§ï‡§æ‡§ü‡•á‡§ó‡§æ #FarmersProtest #westandforfarmers #poetryworld,,,,,,,,,,,,
1338066614449627136 2020-12-13 15:51:55 +0530 <Sribhen2> üôèüôèüôè  #westandforfarmers,,,,,,,,,,,,
1338044786327003136 2020-12-13 14:25:11 +0530 <GaganGu12306609> #Tractor2‡®ü‡®µ‡®ø‡©±‡®ü‡®∞  #westandforfarmers  https://t.co/tUiHAwYFOU,,,,,,,,,,,,
1338021212341997568 2020-12-13 12:51:30 +0530 <KhosaSarmukh> #westandforfarmers,,,,,,,,,,,,
1338009946919555073 2020-12-13 12:06:45 +0530 <gurLminder> Galat panga lai leya Modi shah ne. #westandforfarmers #FarmersProtestDelhi #Tractor2Twitter,,,,,,,,,,,,
1337956036762873857 2020-12-13 08:32:31 +0530 <ErRajinders12> #PM_‡§∏‡•Å‡§∏‡•ç‡§§_‡§ü‡•ã‡§≤_‡§Æ‡•Å‡§´‡§º‡•ç‡§§ #SupportFarmersProtest #westandforfarmers @iGuR_P,,,,,,,,,,,,
1337934806131347456 2020-12-13 07:08:10 +0530 <hshokerr> How can we stay silent when we have revolution in our blood? #WeStandForFarmers #KissanMajdoorEktaZindabad  https://t.co/nyBvK1nOZ8,,,,,,,,,,,,
1337933048172539904 2020-12-13 07:01:10 +0530 <YodhpreetA> #westandforfarmers #TakeBackAntiFarmLaws #FarmersProtest #KisanMajdoorEktaZindabaad #farmerprotest,,,,,,,,,,,,
1337839559216775168 2020-12-13 00:49:41 +0530 <M_atul_rajendra> ‡§∏‡§ó‡§≥‡•ç‡§Ø‡§æ‡§§ ‡§Æ‡§π‡§§‡•ç‡§µ‡§æ‡§ö‡§Ç ‡§ú‡•á ‡§≤‡•ã‡§ï ‡§ï‡•É‡§∑‡•Ä‡§µ‡§ø‡§ß‡•á‡§Ø‡§ï‡§æ‡§≤‡§æ ‡§∏‡§Æ‡§∞‡•ç‡§•‡§® ‡§¶‡§∞‡•ç‡§∂‡§µ‡§ø‡§§ ‡§Ü‡§π‡•á‡§§; ‡§§‡•ç‡§Ø‡§æ‡§Ç‡§®‡§æ ‡§è‡§µ‡§¢‡§Ç ‡§ï‡§≥‡•Ç ‡§®‡§Ø‡•á ‡§ï‡§ø ‡§è‡§ï‡§ü‡§æ ‡§™‡§ï‡•ç‡§∑ ‡§∏‡•ã‡§°‡§≤‡§æ ‡§§‡§∞ ‡§§‡•ç‡§Ø‡§æ ‡§µ‡§ø‡§ß‡•á‡§Ø‡§ï‡§æ‡§≤‡§æ ‡§ú‡§µ‡§≥-‡§ú‡§µ‡§≥ ‡§∏‡§ó‡§≥‡•á‡§ö ‡§µ‡§ø‡§∞‡•ã‡§ß ‡§ï‡§∞‡§§ ‡§Ü‡§π‡•á‡§§.  ‡§Æ‡•ç‡§π‡§£‡§ú‡•á ‡§Ø‡§æ‡§ö‡§æ ‡§Ö‡§∞‡•ç‡§• ‡§Ö‡§∏‡§æ ‡§ï‡§ø ‡§¨‡§æ‡§ï‡•Ä ‡§∏‡§ó‡§≥‡•á ‡§Ø‡•á‡§°‡•á ‡§Ü‡§£‡§ø ‡§∏‡§∞‡§ï‡§æ‡§∞ ‡§Æ‡§æ‡§§‡•ç‡§∞ ‡§∂‡§π‡§æ‡§£‡§Ç.  #‡§ï‡•É‡§∑‡•Ä‡§µ‡§ø‡§ß‡•á‡§Ø‡§ï‡§æ‡§ö‡§æ_‡§®‡§ø‡§∑‡•á‡§ß  #westandforfarmers,,,,,,,,,,,,
1337793162518036480 2020-12-12 21:45:19 +0530 <RakkarKaranvir> #westandforfarmers,,,,,,,,,,,,
1337786606829199362 2020-12-12 21:19:16 +0530 <KamalBatth9> ‡§ñ‡•á‡§§‡•Ä ‡§™‡§∞ ‡§ñ‡§º‡§§‡§∞‡§æ ‡§Ö‡§≠‡•Ä ‡§ü‡§≤‡§æ ‡§®‡§π‡•Ä‡§Ç ‡§π‡•à  ‡§Ö‡§Æ‡•ç‡§¨‡§æ‡§®‡•Ä-‡§Ö‡§°‡§º‡§æ‡§®‡•Ä ‡§∏‡•á ‡§¶‡•Ç‡§∞‡•Ä MSP ‡§π‡•à ‡§ú‡§º‡§∞‡•Ç‡§∞‡•Ä   ‡§ú‡§¨ ‡§§‡§ï ‡§ï‡•É‡§∑‡§ø ‡§¨‡§ø‡§≤ ‡§ï‡•Ä ‡§µ‡§ø‡§¶‡§æ‡§à ‡§®‡§π‡•Ä‡§Ç  ‡§§‡§¨ ‡§§‡§ï ‡§ï‡•ã‡§à ‡§¢‡§ø‡§≤‡§æ‡§à ‡§®‡§π‡•Ä‡§Ç #westandforfarmers,,,,,,,,,,,,
1337763875328909312 2020-12-12 19:48:56 +0530 <paramsi52417355> Modi hitler came to power in democracy and how democracy created a monster @KanganaDaily @narendramodi @aajtak @ZeeNews   #democracy  #FarmersAct2020  #HumanRightsDay  #westandforfarmers  https://t.co/x4oLC3dOXx,,,,,,,,,,,,
1337754871722741761 2020-12-12 19:13:10 +0530 <DhaliwalRonny> @Amanpre23493160 ##WeStandForFarmers## @BawaRanjit,,,,,,,,,,,,
1337694153405313024 2020-12-12 15:11:53 +0530 <Angelkaur777> Please support farmers @ArnabGofficial7 @sudhirchaudhary @aajtak #TakeBackFarmLaws #IndiaSupportFarmerProtest #SpeakUpForFarmers #IStandWithFarmers  #standwithfarmerschallenge #KisaanEktaZindabad #FarmersProtest #westandforfarmers #supportourfarmers  #iamwithfarmers  https://t.co/Rm3o9KDWeg,,,,,,,,,,,,
1337669113657716736 2020-12-12 13:32:24 +0530 <harmeet9911> #kisanmazdurektazindabaad  #westandforfarmers  #NoFarmersNoFood  https://t.co/4zihn0GWoI,,,,,,,,,,,,
1337656414332805120 2020-12-12 12:41:56 +0530 <harleenk_sandhu> #FarmerProtest2020 #westandforFarmers #supportfarmersprotest,,,,,,,,,,,,
1337656203787206656 2020-12-12 12:41:06 +0530 <harleenk_sandhu> #westandforFarmers #supportfarmersprotest,,,,,,,,,,,,
1337629402708885506 2020-12-12 10:54:36 +0530 <jashn_nagra> #PM_‡§∏‡•Å‡§∏‡•ç‡§§_‡§ü‡•ã‡§≤_‡§Æ‡•Å‡§´‡§º‡•ç‡§§ #12_‡§¶‡§ø‡§∏‡§Ç‡§¨‡§∞_‡§ï‡•ã_‡§ü‡•ã‡§≤_‡§™‡•ç‡§≤‡§æ‡§ú‡§æ_‡§¨‡§Ç‡§¶ #FarmerProtests #KisaanmazdoorEktaZindabaad #westandforfarmers #ModiKutta   üöúüôèüåæ,,,,,,,,,,,,
1337626611726778369 2020-12-12 10:43:30 +0530 <HarshdeepkKaur> #westandforfarmers #TakeBackFarmBills #greenribbonmovement  @KissanC,,,,,,,,,,,,
1337616124528254976 2020-12-12 10:01:50 +0530 <asmeet_s> #TakeBackFarmLaws #IndiaSupportFarmerProtest #SpeakUpForFarmers #IStandWithFarmers  #standwithfarmerschallenge #KisaanMajdoorEktaZindabad  #KisaanEktaZindabad #FarmersProtest #westandforfarmers #supportourfarmers  #StandWithFarmers  #iamwithfarmers,,,,,,,,,,,,
1337608599619608577 2020-12-12 09:31:56 +0530 <RaiPremjit> #westandforfarmers,,,,,,,,,,,,
1337598631264747520 2020-12-12 08:52:19 +0530 <HarshdeepkKaur> #westandforfarmers #TakeBackFarmBills,,,,,,,,,,,,
1337586150731513858 2020-12-12 08:02:44 +0530 <akhwinder_gill> #westandforfarmers,,,,,,,,,,,,
1337538963737702400 2020-12-12 04:55:13 +0530 <sabjyot> #westandforfarmers,,,,,,,,,,,,
1337528232841764866 2020-12-12 04:12:35 +0530 <ArshdeepChauh12> #westandforfarmers,,,,,,,,,,,,
1337528180094070784 2020-12-12 04:12:22 +0530 <Jagdeep41938168> Hatja dilliye hatja.... nhi hataadenge #standforfarmers #standforfarmerschallenge #ShameonModiGovt #westandforfarmers #trector2tweeter,,,,,,,,,,,,
1337525473400774656 2020-12-12 04:01:37 +0530 <SharanGrewal16> #WeStandforFarmers#in Punjab ‚ù§Ô∏è,,,,,,,,,,,,
1337495291445047297 2020-12-12 02:01:41 +0530 <kmohpreet> Sunlo bhakto!!! #westandforfarmers #DafaKroJioNu #HumanRights4farmers,,,,,,,,,,,,
1337476395056951298 2020-12-12 00:46:36 +0530 <asmeet_s> #TakeBackFarmLaws #IndiaSupportFarmerProtest #SpeakUpForFarmers #IStandWithFarmers  #standwithfarmerschallenge #KisaanMajdoorEktaZindabad  #KisaanEktaZindabad #FarmersProtest #westandforfarmers #supportourfarmers  #StandWithFarmers  #iamwithfarmers,,,,,,,,,,,,
1337445211849408513 2020-12-11 22:42:41 +0530 <ramanpreet_97> Sb to upr kirsaniüåæ #westandforfarmers üåæüí™üí™,,,,,,,,,,,,
1337413703507955713 2020-12-11 20:37:29 +0530 <Dalwind33825902> Punjabis are in their mood. ‚ÄòMunda apne vyah de vch nachda fire‚Äô# #SupportFarmars #BoycottAmbaniAdani #westandforfarmers,,,,,,,,,,,,
1337412466570092548 2020-12-11 20:32:34 +0530 <KaranGr37845771> #westandforfarmers,,,,,,,,,,,,
1337410987482378243 2020-12-11 20:26:41 +0530 <dilderaje> #westandforfarmers,,,,,,,,,,,,
1337397265011363845 2020-12-11 19:32:10 +0530 <BHULLARJASVIR2> #Tractor2Twitter  #WeStandForFarmers Beware of Anna Hajare  https://t.co/tXFpKHe1w3,,,,,,,,,,,,
1337393435519533057 2020-12-11 19:16:57 +0530 <bikkpanesar> Watch the protest site through the eyes of those who have directly seen, felt and understood it from ground zero.  #WeStandForFarmers,,,,,,,,,,,
1337385118105821184 2020-12-11 18:43:54 +0530 <savi99118229> #westandforfarmers,,,,,,,,,,,,
1337361655131324416 2020-12-11 17:10:40 +0530 <Jagdeep8586> @KanganaTeam Yes you are BJP  chamchi  #FarmersPortest #BoycottAdaniAmbani #WeStandForFarmers,,,,,,,,,,,,
1337361623573352448 2020-12-11 17:10:32 +0530 <SavWalia> @UrminSingh Haha jiven Meri massi lagdi hai Jacinda #WeStandForFarmers,,,,,,,,,,,,
1337350167356469249 2020-12-11 16:25:01 +0530 <Gurpree96433019> #Westandforfarmers #tractor2twitter  https://t.co/gLgjF35GtM,,,,,,,,,,,,
1337344681324072960 2020-12-11 16:03:13 +0530 <JattanaLovi> #BoycotAmbaniAdani #WeUnitedForFarmers #farmersprotest #farmerprotest #westandforfarmers  https://t.co/wekSSbDzOs,,,,,,,,,,,,
1337334527425978370 2020-12-11 15:22:52 +0530 <Gurpree20121833> #WeUnitedForFarmers  #WeStandForFarmers,,,,,,,,,,,,
1337329053829722113 2020-12-11 15:01:07 +0530 <Mandeep36332922> @SahajRandhawa01 ohh üôÑüôÑüôÑ main ahve #westandforfarmers ki jana c thnx g dasan lai üôèüèªüôèüèª,,,,,,,,,,,,
1337326119046041602 2020-12-11 14:49:27 +0530 <Harman848> #westandforfarmers,,,,,,,,,,,,
1337322533066981376 2020-12-11 14:35:12 +0530 <Harbiemann1> #Westandforfarmers#,,,,,,,,,,,,
1337319402417614848 2020-12-11 14:22:46 +0530 <msssaini753> #Westandforfarmers  https://t.co/wiSbJbCSzw,,,,,,,,,,,,
1337312651622412288 2020-12-11 13:55:56 +0530 <Gagande12493059> #westandforfarmers.   #weunitedforfarmers     #kisaanmajdoorektazindabaad.                         #isupportfarmers.          #TakeBackFarmBills2020,,,,,,,,,,,,
1337302704067108864 2020-12-11 13:16:25 +0530 <Mandeep36332922> #westandforfarmers,,,,,,,,,,,,
1337302585200394240 2020-12-11 13:15:56 +0530 <Jagdeep85914440> #westandforfarmers,,,,,,,,,,,,
1337300790508064768 2020-12-11 13:08:48 +0530 <Jagdeep41938168> ü§òü§òü§òü§ò #standforfarmers #standforfarmerschallenge #westandforfarmers #ShameonModiGovt #trector2tweeter,,,,,,,,,,,,
1337300254266363904 2020-12-11 13:06:41 +0530 <Mandeep36332922> #Westandforfarmers  https://t.co/D5qJEJhqK6,,,,,,,,,,,,
1337292791529934849 2020-12-11 12:37:01 +0530 <preettaspuria> kisani jindabad  #standforfarmerschallenge  #westandforfarmers  #ShameonModiGovt #trector2tweeter,,,,,,,,,,,,
1337285635724341249 2020-12-11 12:08:35 +0530 <Jagdeep41938168> See  Me syana ho gya  üòÇ  #standforfarmerschallenge  #westandforfarmers  #ShameonModiGovt #trector2tweeter,,,,,,,,,,,,
1337280626009886721 2020-12-11 11:48:41 +0530 <JaswalKriti> #Westandforfarmers,,,,,,,,,,,,
1337277343035887616 2020-12-11 11:35:38 +0530 <itsmanizz> #westandforfarmers,,,,,,,,,,,,
1337267563768631296 2020-12-11 10:56:47 +0530 <SukhpreetS1984> #westandforfarmers,,,,,,,,,,,,
1337267289171742720 2020-12-11 10:55:41 +0530 <SukhpreetS1984> #westandforfarmers,,,,,,,,,,,,
1337256333993779202 2020-12-11 10:12:09 +0530 <Sandhu02Parm> #westandforfarmers,,,,,,,,,,,,
1337250632663646208 2020-12-11 09:49:30 +0530 <NavjinderK> @Bamber_JDK Jroor jitange #WeStandForFarmers,,,,,,,,,,,,
1337248837593796609 2020-12-11 09:42:22 +0530 <indersandhu165> ‡®§‡©Å‡®∏‡©Ä‡®Ç ‡®∏‡®∞‡®ï‡®æ‡®∞ ‡®ì‡®Ç, ‡®§‡©Å‡®π‡®æ‡®°‡©á ‡®ï‡©ã‡®≤ ‡®π‡©∞‡®ï‡®æ‡®∞‡©Ä ‡®Æ‡©∞‡®§‡®∞‡©Ä, ‡®•‡®ø‡©∞‡®ï ‡®ü‡©à‡®Ç‡®ï, ‡®Æ‡©Ä‡®°‡©Ä‡®Ü, ‡®Ü‡®à‡®ü‡©Ä ‡®∏‡©à‡©±‡®≤, ‡®™‡©Å‡®≤‡®ø‡®∏ ‡®™‡©ç‡®∞‡®∏‡®º‡®æ‡®∏‡®®, ‡®ö‡®≤‡®æ‡®ï ‡®§‡©á ‡®π‡®æ‡®ú‡®º‡®∞ ‡®ú‡©Å‡®Ü‡®¨ ‡®Ö‡®´‡®∏‡®∞ ‡®®‡©á ‡®ú‡®ø‡®π‡©ú‡©á ‡®≤‡©ã‡®ï‡®æ‡®Ç ‡®®‡©Ç‡©∞ ‡®°‡®∞‡®æ ‡®µ‡©Ä ‡®∏‡®ï‡®¶‡©á ‡®®‡©á, ‡®ß‡®Æ‡®ï‡®æ ‡®µ‡©Ä ‡®∏‡®ï‡®¶‡©á ‡®®‡©á, ‡®ó‡©±‡®≤‡®æ‡®Ç '‡®ö ‡®â‡®≤‡®ù‡®æ ‡®µ‡©Ä ‡®∏‡®ï‡®¶‡©á ‡®®‡©á, ‡®™‡®∞ ‡®∏‡®æ‡®°‡©á ‡®ï‡©ã‡®≤ !!!!! ‡®∏‡®æ‡®°‡©á ‡®ï‡©ã‡®≤ ‡®§‡®æ‡®Ç ‡®∏‡®ø‡®¶‡®ï, ‡®∏‡®¨‡®∞, ‡®ú‡©Å‡®ù‡®æ‡®∞‡©Ç‡®™‡©Å‡®£‡®æ, #WeStandForFarmers ‡®™
1337240999186219008 2020-12-11 09:11:13 +0530 <akhwinder_gill> Bilkul veere... Uh were right about this govt. 's evil intentions and was right that they are doing everything for their profit. #Westandforfarmers,,,,,,,,,,,,
1337237406697705475 2020-12-11 08:56:57 +0530 <Jagdeep41938168> Chakki chalo fateh punjabio.. . #westandforfarmers #standforfarmers #ShameonModiGovt,,,,,,,,,,,,
1337235799650103298 2020-12-11 08:50:33 +0530 <YaasminRandhaw1> #WeStandForFarmers,,,,,,,,,,,,
1337235532405870594 2020-12-11 08:49:30 +0530 <YaasminRandhaw1> #WeStandForFarmers Bitter truth,,,,,,,,,,,,
1337234866513924099 2020-12-11 08:46:51 +0530 <YaasminRandhaw1> #WeStandForFarmers,,,,,,,,,,,,
1337234756199612416 2020-12-11 08:46:25 +0530 <Pashmeenkaur20> #WeStandForFarmers,,,,,,,,,,,,
1337231002318467072 2020-12-11 08:31:30 +0530 <SarkariaMintu> #westandforfarmers  https://t.co/zWM9VjDabO,,,,,,,,,,,,
1337225787435433984 2020-12-11 08:10:46 +0530 <sbirgidda> why is modi acting like villian rudy julianni #TakeBackFarmLaws #IndiaSupportFarmerProtest #SpeakUpForFarmers #IStandWithFarmers  #standwithfarmerschallenge #FarmersProtest #westandforfarmers #supportourfarmers  #StandWithFarmers  #iamwithfarmers #FarmerProtestdelhi2020,,,,,,,,,,,,
1337224975674081282 2020-12-11 08:07:33 +0530 <akhwinder_gill> #Westandforfarmers. Top te aa jaoga sadda eh trend ...iss baar bhi asi krvage end.  https://t.co/NXLlxboJsy,,,,,,,,,,,,
1337223282404179968 2020-12-11 08:00:49 +0530 <reet2005> We stand together. #WeStandForFarmers,,,,,,,,,,,,
1337161379422351360 2020-12-11 03:54:50 +0530 <tejpratapjuneja> #westandforfarmers #FarmersProstests #ModiYesOrNo  https://t.co/0HBvVuNbvX,,,,,,,,,,,,
1337137270642462720 2020-12-11 02:19:02 +0530 <IAmGobSmacked> United we stand! ‚úäüèΩüíö#TakeBackFarmLaws #IndiaSupportFarmerProtest #SpeakUpForFarmers #IStandWithFarmers  #standwithfarmerschallenge #KisaanMajdoorEktaZindabad  #KisaanEktaZindabad #FarmersProtest #westandforfarmers #supportourfarmers  #StandWithFarmers  #iamwithfarmers,,,,,,,,,,,,
1337136941024755712 2020-12-11 02:17:44 +0530 <IAmGobSmacked> #TakeBackFarmLaws #IndiaSupportFarmerProtest #SpeakUpForFarmers #IStandWithFarmers  #standwithfarmerschallenge #KisaanMajdoorEktaZindabad  #KisaanEktaZindabad #FarmersProtest #westandforfarmers #supportourfarmers  #StandWithFarmers  #iamwithfarmers,,,,,,,,,,,,
1337136659381415936 2020-12-11 02:16:37 +0530 <IAmGobSmacked> #StandWithFarmers  #TakeBackFarmLaws #IndiaSupportFarmerProtest #SpeakUpForFarmers #IStandWithFarmers  #standwithfarmerschallenge #KisaanMajdoorEktaZindabad  #KisaanEktaZindabad #FarmersProtest #westandforfarmers #supportourfarmers  #StandWithFarmers  #iamwithfarmers,,,,,,,,,,,,
1337070936311263235 2020-12-10 21:55:27 +0530 <BaidwanAmarjit> We agree that Modi government just given MSP in written. But still, did not make a decision to make proper law for MSP. If, no laws then private players will take disadvantages of MSP. #Westandforfarmers,,,,,,,,,,
1337006836243820544 2020-12-10 17:40:44 +0530 <GrewalAmritjot> Largest protest of human history #FarmerProtest  #WeStandForFarmers,,,,,,,,,,,,
1336905396879908867 2020-12-10 10:57:39 +0530 <MushtaqAnsari80> @diljitdosanjh Ek din jhukna hi hai.....üöú  #WeStandForFarmers  https://t.co/oaENVLR4QC,,,,,,,,,,,,
1336855124501798915 2020-12-10 07:37:53 +0530 <asmeet_s> #TakeBackFarmLaws #IndiaSupportFarmerProtest #SpeakUpForFarmers #IStandWithFarmers  #standwithfarmerschallenge #KisaanMajdoorEktaZindabad  #KisaanEktaZindabad #FarmersProtest #westandforfarmers #supportourfarmers  #StandWithFarmers  #iamwithfarmers #tractor2twiter,,,,,,,,,,,,
1336851255071633409 2020-12-10 07:22:31 +0530 <AmanDeo73473959> @sharmaji_2019 @gogadhaliwal @jazzyb Bhosdike shingu border te aa k dekh tere fufad sarre aaye hoye ne up ,rajasthan ,haryana ,mp to . #farmerprotest #westandforfarmers,,,,,,,,,
1336609373167243264 2020-12-09 15:21:22 +0530 <Sandeep83255359> jaana bearath nyi jangiya #kisanlivesmatter #FarmersProstest  #westandforfarmers #NoFarmersNoFood  https://t.co/dU1HYaVnMr,,,,,,,,,,,,
1336606105045147648 2020-12-09 15:08:23 +0530 <navroop09707321> #KisaanMajdoorEktaJindabaad #westandforfarmers #FarmersProstests  https://t.co/nHe8ZA9mtH,,,,,,,,,,,,
1336601991565340673 2020-12-09 14:52:02 +0530 <LailRaman> New York City farmers protest #TakeBackFarmLaws #IndiaSupportFarmerProtest #SpeakUpForFarmers #IStandWithFarmers  #standwithfarmerschallenge #KisaanMajdoorEktaZindabad  #KisaanEktaZindabad #FarmersProtest #westandforfarmers #supportourfarmers  #StandWithFarmers  #iamwithfarmers,,,,,,,,,,,,
1336585223929090048 2020-12-09 13:45:24 +0530 <tajinder_uppal> #‡§¶‡•Å‡§∑‡•ç‡§Ø‡§Ç‡§§_‡§ï‡§ø‡§∏‡§æ‡§®_‡§Ø‡§æ_‡§ï‡•Å‡§∞‡•ç‡§∏‡•Ä #takebackfarmlaws #westandforfarmers,,,,,,,,,,,,
1336390700573872129 2020-12-09 00:52:26 +0530 <thebrowngiirl> Chandigarh, India.   A peacefully protest for farmers turned into a chaos by Police brutallity.    #westandforfarmers #farmers #Nofarmernofood  https://t.co/ihOEeVPIe7,,,,,,,,,,,
1336354913358581764 2020-12-08 22:30:14 +0530 <asmeet_s> #TakeBackFarmLaws #IndiaSupportFarmerProtest #SpeakUpForFarmers #IStandWithFarmers  #standwithfarmerschallenge #KisaanMajdoorEktaZindabad  #KisaanEktaZindabad #FarmersProtest #westandforfarmers #supportourfarmers  #StandWithFarmers  #iamwithfarmers,,,,,,,,,,,,
1336289153139548160 2020-12-08 18:08:55 +0530 <HarjotS20607168> York City farmers protest #TakeBackFarmLaws #IndiaSupportFarmerProtest #SpeakUpForFarmers #IStandWithFarmers  #standwithfarmerschallenge #KisaanMajdoorEktaZindabad  #KisaanEktaZindabad #FarmersProtest #westandforfarmers #supportourfarmers  #StandWithFarmers  #iamwithfarmers,,,,,,,,,,,,
1336277835846180867 2020-12-08 17:23:57 +0530 <babbudosanjh84> New York City farmers protest #TakeBackFarmLaws #IndiaSupportFarmerProtest #SpeakUpForFarmers #IStandWithFarmers  #standwithfarmerschallenge #KisaanMajdoorEktaZindabad  #KisaanEktaZindabad #FarmersProtest #westandforfarmers #supportourfarmers  #StandWithFarmers  #IamWithFarmers  https://t.co/HFJwW3tdsz,,,,,,,,,,,,
1336264129674276864 2020-12-08 16:29:29 +0530 <am_gurdevsingh> The KEY to BEING HAPPY is knowing you have the POWER to choose what to ACCEPT and what to let GO #daasfilms #daasstudios #clapstudioz #am_gurdevsingh #shukar_maalak_da #cameray_aale_sardar . #happy #love #blacklove #westandforfarmers #farmerprotest #wesupportfarmers #DilliChalo  https://t.co/TmldDgV3Im,,,,,,,,,,,,
1336188282544087042 2020-12-08 11:28:06 +0530 <Ishaan90250587> ...rice   and  and the government making us fool #BharatBandh #modiji #chamchaguruofmodi #westandforfarmers  thank you ...,,,,,,,,,,,,
1336144108679647232 2020-12-08 08:32:34 +0530 <Sekhon74778287> #8_December_Bharat_band #SupportFarmersProtest #westandforfarmers #Tractor2Twitter #BycottAdaniAmbani  https://t.co/F0oyIcQ5nZ,,,,,,,,,,,,
1336144096130297856 2020-12-08 08:32:31 +0530 <A_m_KSekhon> #8_December_Bharat_band #Tractor2Twitter #SupportFarmersProtest #BycottAdaniAmbani #westandforfarmers  https://t.co/B9sg3m9Vr9,,,,,,,,,,,,
1336138556360646657 2020-12-08 08:10:30 +0530 <Sbrar61712018> #TakeBackFarmLaws #IndiaSupportFarmerProtest #SpeakUpForFarmers #IStandWithFarmers  #standwithfarmerschallenge #KisaanMajdoorEktaZindabad  #KisaanEktaZindabad #FarmersProtest #westandforfarmers #supportourfarmers  #StandWithFarmers  #iamwithfarmers  https://t.co/kFn3GIg6oU,,,,,,,,,,,,
1336112329436618753 2020-12-08 06:26:17 +0530 <asmeet_s> üôèüèΩ #TakeBackFarmLaws #IndiaSupportFarmerProtest #SpeakUpForFarmers #IStandWithFarmers  #standwithfarmerschallenge #KisaanMajdoorEktaZindabad  #KisaanEktaZindabad #FarmersProtest #westandforfarmers #supportourfarmers  #StandWithFarmers  #iamwithfarmers,,,,,,,,,,,,
1336108734695702528 2020-12-08 06:12:00 +0530 <gurmandeesh> #dillichalo #8‡§¶‡§ø‡§∏‡§Æ‡•ç‡§¨‡§∞_‡§≠‡§æ‡§∞‡§§_‡§¨‡§Ç‡§¶ #TakeBackFarmersLaws #Tracter2twitter #westandforfarmers #KisanAandolan  #NoFarmersNoFood,,,,,,,,,,,,
1336062562870423552 2020-12-08 03:08:32 +0530 <sikhnews247> asmeet_s: New York City farmers protest #TakeBackFarmLaws #IndiaSupportFarmerProtest #SpeakUpForFarmers #IStandWithFarmers #standwithfarmerschallenge #KisaanMajdoorEktaZindabad #KisaanEktaZindabad #FarmersProtest #westandforfarmers #supportourfarmers‚Ä¶  https://t.co/gNk5wWY6FG,,,,,,,,,,,,
1336059582779682817 2020-12-08 02:56:41 +0530 <asmeet_s> New York City farmers protest #TakeBackFarmLaws #IndiaSupportFarmerProtest #SpeakUpForFarmers #IStandWithFarmers  #standwithfarmerschallenge #KisaanMajdoorEktaZindabad  #KisaanEktaZindabad #FarmersProtest #westandforfarmers #supportourfarmers  #StandWithFarmers  #iamwithfarmers  https://t.co/cWEmCQ7s9p,,,,,,,,,,,,
1335998184225693699 2020-12-07 22:52:43 +0530 <navjeetsinghh> @AmmyVirk #FarmersProtest #FarmersProtest #FarmersProtestDelhi2020 #ModiAgainstFarmers #westandforfarmers,,,,,,,,,,,,
1335997723028447235 2020-12-07 22:50:53 +0530 <navjeetsinghh> @SukshnderShinda #FarmersProtests #FarmersProtest #ModiAgainstFarmers #westandforfarmers,,,,,,,,,,,,
1335983272560533504 2020-12-07 21:53:28 +0530 <thandoraa___> #westandforfarmers #FarmersProtestHijacked #FarmerPolitics #FarmersWithPmModi #FarmersProtestDelhi2020   Do follow @thandoraaofficial in Instagram for more  https://t.co/bbjnQFjMDX,,,,,,,,,,,,
1335936486017888256 2020-12-07 18:47:33 +0530 <Sukhdev85473829> #isupportfarmers #SHAMEONMODIGOVERNMENT #IStandWithFarmers #takefarmersbillsback #westandforfarmers #supportfarmerprotest #isupportfarmerprotest #FarmerProtest2020 #DelhiFarmersProtest  https://t.co/ZG6t4P69Ma,,,,,,,,,,,,
"1335912343373373441 2020-12-07 17:11:37 +0530 <FoodsDarshan> Support Farmers!!!  "" We can't pay what they are for us but to be the part we can contribute.""  A contribution by Darshan Food.   #darshanfood #supportfarmers #westandforfarmers #rusk #darshanfood #delhirally #bharatband #bhujiawala #namkeen #bakenbite #yofun #sujitoast  https://t.co/Z7wikjMsUo",,,,,,,,,,,,
1335866015704436736 2020-12-07 14:07:31 +0530 <Baljind60984477> #westandforfarmers,,,,,,,,,,,,
1335780761052516352 2020-12-07 08:28:45 +0530 <jatti1593> #WeStandwithFarmers  #westandforfarmers  #punjabdelhichallenge  #,,,,,,,,,,,,
1335698800149671948 2020-12-07 03:03:04 +0530 <asmeet_s> A good breakdown on the Farmers Protest #SpeakUpForFarmers #IStandWithFarmers  #standwithfarmerschallenge #KisaanMajdoorEktaZindabad  #KisaanEktaZindabad #FarmersProtest #westandforfarmers #supportourfarmers  #StandWithFarmers  #iamwithfarmers,,,,,,,,,,,,
1335633287885238273 2020-12-06 22:42:45 +0530 <asmeet_s> Some education #SpeakUpForFarmers #IStandWithFarmers  #standwithfarmerschallenge #KisaanMajdoorEktaZindabad  #KisaanEktaZindabad #FarmersProtest #westandforfarmers #supportourfarmers  #StandWithFarmers  #iamwithfarmers,,,,,,,,,,,,
1335596196744880129 2020-12-06 20:15:22 +0530 <navjeetsinghh> #ModiAgainstFarmers #FarmersPortest #westandforfarmers #GodiMediakisanvirodhi #GodiMediaGoBack  https://t.co/XkD2EtJsUl,,,,,,,,,,,,
1335534822723375104 2020-12-06 16:11:29 +0530 <DhaliwalMnprit> @KanganaTeam @KanganaTeam Tu kis ki paaltu ha . MODI Ki paaltu ha tu. Kitne paise diye tujha modi ne ja sbb krna k liye.Jis thaali ma khati ha osi ma shed krti ha. Bitchüëé#westandforfarmers,,,,,,,,,,,,
1335524224379711488 2020-12-06 15:29:22 +0530 <sainairv> @jijoy_matt Farmers se shuru hoke  Union govt Jokers tak.... #Westandwithfarmers #Westandforfarmers We the people of India will fight for them  #Sanghiminority stay away.  https://t.co/lW0eySJ8ys,,,,,,,,,,,,
1335504927989239808 2020-12-06 14:12:41 +0530 <AmanDeo73473959>  https://t.co/1zM5DWMz6y @jassbajwa_  veere aa video bhejyo o payal rohtagi nu Jeri jada boldi c  kissana te Diljit barre  @amritamby1 @GippyGrewal @AmmyVirk  #farmerprotest #westandforfarmers,,,,,,,,,,,,
1335492087303696384 2020-12-06 13:21:40 +0530 <chinna_palepogu> Drop A Heart For Me :  üñ§ : You Are Cute. ‚ù§Ô∏è : You Are Awesome. üíõ : Favourite Person. üíú : Good Personality. üíô : Crush. üíö : I Hate You.  üíñ : Can We Be Friends. üíî : I Don't Like You.  #SarkaaruVaariPaata  #westandforfarmers,,,,,,,,,,,,
1335455578106171392 2020-12-06 10:56:36 +0530 <Paramji52555859> #westandforfarmers  #farmerprotest #wesportfarmer  https://t.co/A8nlpyxAZ5,,,,,,,,,,,,
1335420348951498752 2020-12-06 08:36:36 +0530 <Rob08237223> @BlodeCorona @amarprasadreddy @KanganaTeam @diljitdosanjh Kangna toa main di ki kuttiya ha oor diljit Punjab ka share betta gand phad degga tumhari patta bhi nhi chalega #westandforfarmers #diljitlegend,,,,,,,,,,,,
1335289635879018496 2020-12-05 23:57:12 +0530 <am_gurdevsingh> #westandforfarmers #FarmerProtest #FarmerProtests #istandforfarmers #delhiprotest #DelhiChalo #DiljitDosanjh  https://t.co/l4yE2vbwNv,,,,,,,,,,,,
1335283336839753729 2020-12-05 23:32:10 +0530 <bdeepsamra> #westandforfarmers #kisanputter #KisanProtest #KisanSupportChallenge  https://t.co/FyclrdWnG5,,,,,,,,,,,,
1335244942394978307 2020-12-05 20:59:36 +0530 <ManjotK60099390> #westandforfarmers #farmersunion #Farmersupport #tractor2‡®ü‡®µ‡®ø‡®ü‡®∞ @diljitdosanjh @BawaRanjit,,,,,,,,,,,,
1335221796233154562 2020-12-05 19:27:38 +0530 <AmanDeo73473959> @beingarun28  ghanta ta jadd tere fasya na kaka fer purri Delhi ch sunnu bajda .te han fasna v ewe aa k tera modi daddy v ni kad sakda #farmer #farmerprotest #westandforfarmers  @jassbajwa_ @GippyGrewal @BawaRanjit @diljitdosanjh,,,,,,,,,,,,
1335191856020246528 2020-12-05 17:28:39 +0530 <Rupinde45905740> #westandforfarmers,,,,,,,,,,,,
1335084220042129409 2020-12-05 10:20:57 +0530 <Gagande54873144> #westandforfarmers #farmersupportchallenge #KissanEktaJindabad,,,,,,,,,,,,
1335073409433100289 2020-12-05 09:37:59 +0530 <ShubhaShamim> #WeStandForFarmers,,,,,,,,,,,,
1335052089387405313 2020-12-05 08:13:16 +0530 <AaqidK> #westandforfarmers #farmerprotest #WeSupportFarmers,,,,,,,,,,,,
1334909955313299456 2020-12-04 22:48:29 +0530 <Arshbir78121834> @techbuddyzz @AtulKumarBJP @KanganaTeam Ka be chutiye. Beard is sign of our gurus and our warriors. Agar hmare purvaj na hote toh tumhari bahu betiya take take pe ghazni k bazaro mein bikti. Kisi ka namak kha kar hram nai krte. #westandforfarmers,,,,,,,,,,,,
1334890269737672709 2020-12-04 21:30:16 +0530 <Azadwindersidh1> #westandforfarmers  #NOFARMERS  #NoFOOD  #NoFUTURE #üí™üí™üí™,,,,,,,,,,,,
1334884221979041793 2020-12-04 21:06:14 +0530 <GuriMMusic1>  https://t.co/gtaSvmqLlu song is out now SINGER-GURI. M LYRICS : GURI.M &amp; AMRIT SAGGU KEEP SUPPORTING LIKE AND SUBSCRIBE MY CHANNEL SHARE WITH MORE PEOPLE #FARMERSBILL2020 #FARMERPROTEST #music #westandforfarmers,,,,,,,,,,,,
1334882400388534273 2020-12-04 20:58:59 +0530 <GuriMMusic1>  https://t.co/gtaSvmqLlu song is out now SINGER-GURI. M LYRICS : GURI.M &amp; AMRIT SAGGU KEEP SUPPORTING LIKE AND SUBSCRIBE MY CHANNEL SHARE WITH MORE PEOPLE #FARMERSBILL2020 #FARMERPROTEST #music #westandforfarmers,,,,,,,,,,,,
1334876799361110016 2020-12-04 20:36:44 +0530 <Banisha2197> #KisanMajdoorEktaZindabaad #westandforfarmers #Tractor2Twitter  https://t.co/NQyfoBUulh,,,,,,,,,,,,
1334864266038444037 2020-12-04 19:46:56 +0530 <Simmusahota3> #westandforfarmers #SaveFarmersFromModi #NoFarmersNoFood,,,,,,,,,,,,
1334862666431524864 2020-12-04 19:40:34 +0530 <SahibSinghBal1> #westandforfarmers  https://t.co/qt5TRq6dGm,,,,,,,,,,,,
1334858873878970370 2020-12-04 19:25:30 +0530 <gurgohlron> Amul: The taste of India  Babool: The paste of India  Kangana: The waste of India  @Diljitdosaanjh   #FarmBill2020  #bycott_kangana_ranaut_challenge  #FarmerProtests2020 #Isportfarmers  #westandforfarmers,,,,,,,,,,,,
1334857069162242048 2020-12-04 19:18:20 +0530 <HarmanpreeK> Tweet more  #FarmersProtest  #Farmersprotestschallenge  #TractorToTwitter  #takefarmlawsback  #istandforfarmers #westandforfarmers  #justuceforfarmers @pangealla @diljitdosanjh @GippyGrewal @ParmishVerma  We shouldn't focus on distracting people.,,,,,,,,,,,,
1334853754303119361 2020-12-04 19:05:10 +0530 <shreyashswami71> @KanganaTeam Chal hat behn ki lodi bc mumbai mein jo huva vo toh boht he acha huva aab toh tu politics ke support ke wajhse didi itna udd rahi ho jab ya haath nikal denge na phir twitter pe twitte krna inke upar ha pagal bhak #JaiMaharashtra  #westandforfarmers #DiljitDestroysKangana,,,,,,,,,,,,
1334825060184580097 2020-12-04 17:11:08 +0530 <Rupinde96998823> #westandforfarmers @KanganaTeam ‡®Ü‡®ü‡©á ‡®µ‡®æ‡®Ç‡®ó‡©Ç‡©∞ ‡®ó‡©Å‡©∞‡®® ‡®§‡©Ä ‡®¨‡©á‡®ó‡®æ‡®®‡©á ‡®™‡©Å‡©±‡®§a ‡®®‡©á,  Burrrrrrrrraaaaaaahüëåüèºüëåüèºüëåüèºüëåüèºüëåüèº@diljitdosanjh @AmmyVirk @BawaRanjit  https://t.co/regO0rip90,,,,,,,,,,,
1334819621908717569 2020-12-04 16:49:32 +0530 <HappySi05648606> #westandforfarmers,,,,,,,,,,,,
1334811936622485504 2020-12-04 16:18:59 +0530 <HitanshJain30> Jitna bhi digital Bharat hojae, Roti Google se download nhi hogiüôåüèª Read that again!  #WeSupportFarmers #westandforfarmers,,,,,,,,,,,
1334809025259601920 2020-12-04 16:07:25 +0530 <har_singh8> #westandforfarmers #supportfarmerprotest #jaikissan,,,,,,,,,,,,
1334802583962075137 2020-12-04 15:41:50 +0530 <13_jashan> #Farmers #FarmerProtests #NoFarmersNoFood #ISuportFarmerprotest #westandforfarmers  @narendramodi  https://t.co/rwJetemn43,,,,,,,,,,,,
1334801764940300289 2020-12-04 15:38:34 +0530 <Jot_behniwal> ‡®Ö‡®∏‡©Ä‡®Ç ‡®µ‡®ñ‡®º‡®§ ‡®™‡®æ ‡®¶‡®ø‡®Ü‡®Ç‡®ó‡©á ‡®ú‡®º‡®æ‡®≤‡®ø‡®Æ ‡®∏‡®∞‡®ï‡®æ‡®∞‡®æ‡®Ç ‡®®‡©Ç‡©∞.. #FarmerProtests2020 #westandforfarmers #wesupportfarmer #tracktor2twitter  https://t.co/sCFo8FwUx6,,,,,,,,,,,,
1334801260067704833 2020-12-04 15:36:34 +0530 <Gurpree82673717> #westandforfarmers,,,,,,,,,,,,
1334800580003287041 2020-12-04 15:33:52 +0530 <Inder_5911> @shiviii_03 dustbin much pretty of against kangana üòÇüòÇü§£               It's my opinion ü§® #westandforfarmers  #Punjab üí™ü¶æ,,,,,,,,,,,,
1334789062524190720 2020-12-04 14:48:06 +0530 <muhammad_abheel> #KisanKiBaat #westandforfarmers #KanganaVsDiljit  https://t.co/AEBTcAJqyI,,,,,,,,,,,,
1334789050931134464 2020-12-04 14:48:03 +0530 <1618Azmi> #kisanektazindabad #KisanMajdoorEktaZindabad #westandforfarmers #FarmersProtest,,,,,,,,,,,,
1334786973647527937 2020-12-04 14:39:48 +0530 <har_singh8> #westandforfarmers,,,,,,,,,,,,
1334786269319086080 2020-12-04 14:37:00 +0530 <jatindet10> #westandforfarmers,,,,,,,,,,,,
1334786049034178561 2020-12-04 14:36:07 +0530 <har_singh8> #westandforfarmers #supportfarmers,,,,,,,,,,,,
1334785977194180609 2020-12-04 14:35:50 +0530 <jatindet10> #westandforfarmers farmers,,,,,,,,,,,,
1334785407230177284 2020-12-04 14:33:34 +0530 <karan_dhothar> #KisaanmazdoorEktaZindabaad #westandforfarmers #Tractertotwitter #NoCheapPolitics #NoCastism  https://t.co/i3Ps9VVl3b,,,,,,,,,,,,
1334783845296558080 2020-12-04 14:27:22 +0530 <RanchanShubham> @JJassiOfficial yeh farzi queen @KanganaTeam ab apni asli aukaat par aayi.. jab kise se lda nhi jaata tab maidaan chhodkr bhaagna sahi samjha usne.. ise koi samjhao k asli raaniyon k kaam nhi hain yeh #UnitedWeStand  #westandforfarmers  #Tractor2Twitter,,,,,,,,,,,,
1334782329663864832 2020-12-04 14:21:21 +0530 <LadduMotto> #FarmerProtestHijacked #FarmersBill_2020 #westandforfarmers #KisanMajdoorEktaZindabaad  @iamdeepsidhu @jassbajwa_ @diljitdosanjh @AmmyVirk #shameonyoukangana modi di ü•Ñüñïüñïüñïüñï  https://t.co/8sGpmvTfHK,,,,,,,,,,,,
1334778665415012352 2020-12-04 14:06:47 +0530 <Ashishaaruu> #westandforfarmers #WeSupportFarmers #protestfarmer  https://t.co/cnT1dMxizu,,,,,,,,,,,,
1334776921482256387 2020-12-04 13:59:51 +0530 <jyotikaur28> Hahahaha ü§£ #westandforfarmers #KissanEktaJindabad,,,,,,,,,,,,
1334760979712909313 2020-12-04 12:56:30 +0530 <Jaswind23596095> #westandforfarmers #FarmerProtest  #wesupportfarmer #FarmerProtestDelhi2020  #farmerprotestdelhi  https://t.co/5WXKF6bQ5U,,,,,,,,,,,,
1334748301959127042 2020-12-04 12:06:08 +0530 <jessii09__> Is auraut ch akal naam di chiz nhi hai Te eh preshan hai desh nu leke...je Teri maa nu koi ive khe fer...jad Teri ik adhi kand tuti c ta tu sara desh sir te chk leya c ta hun tu ki kehni asi apde hka lyi v na ladhiya..@KanganaTeam mat un hath mar dar us rab to! #westandforfarmers,,,,,,,,,,,,
1334743905678417921 2020-12-04 11:48:40 +0530 <RAVJOTS60590352> @diljitdosanjh @KanganaTeam #westandforfarmers,,,,,,,,,,,,
1334726776677916674 2020-12-04 10:40:36 +0530 <khushkaur26> #supportfarmers #Tractor2Twitter #westandforfarmers #farmersprotest #FarmersAreLifeLine #5‡§¶‡§ø‡§∏‡§Ç‡§¨‡§∞_‡§≠‡§æ‡§∞‡§§_‡§¨‡§Ç‡§¶  https://t.co/lFLlNWNMuP,,,,,,,,,,,,
1334724904051150849 2020-12-04 10:33:09 +0530 <khushkaur26> Bhukhi fame di....kangana bhukhi fame di....uhi uhi kangana bhukhi aw üòÜüòÜ@KanganaTeam #westandforfarmers #Tractor2Twitter #SupportFarmersProtest,,,,,,,,,,,,
1334724176972746753 2020-12-04 10:30:16 +0530 <BhinderBajwa> #westandforfarmers  #farmersprotest  #WeSupportFarmers  #nofarmersnofood,,,,,,,,,,,,
1334723726793830400 2020-12-04 10:28:29 +0530 <JassSid80639941> @KanganaTeam @diljitdosanjh  siraaa lata vr eh duki tiki kithe rok lu jatt nu #supportforfarmers #westandforfarmers  https://t.co/8mbIyybRSX,,,,,,,,,,,,
1334703151723630594 2020-12-04 09:06:43 +0530 <6RS6CvejrjpHSnb> #westandforfarmers,,,,,,,,,,,,
1334701526292418560 2020-12-04 09:00:16 +0530 <HarshSh38740702> #westandforfarmers,,,,,,,,,,,,
1334601620320096256 2020-12-04 02:23:16 +0530 <asmeet_s> Your low plan will not work(3/3) #SpeakUpForFarmers #IStandWithFarmers  #standwithfarmerschallenge #KisaanMajdoorEktaZindabad  #KisaanEktaZindabad #FarmersProtest #westandforfarmers #supportourfarmers  #StandWithFarmers #IamWithFarmers  #FarmersProtest  #standwithfarmerschallenge,,,,,,,,,,,,
1334553667727450115 2020-12-03 23:12:43 +0530 <MohitKa79210643> #westandforfarmers #FarmersProtestChallenge  #farmersunionzindabad #inqlabzindabad,,,,,,,,,,,,
1334493070935592960 2020-12-03 19:11:56 +0530 <asmeet_s> #SpeakUpForFarmers #IStandWithFarmers  #standwithfarmerschallenge #KisaanMajdoorEktaZindabad  #KisaanEktaZindabad #FarmersProtest  #westandforfarmers,,,,,,,,,,,,
1334489550886821889 2020-12-03 18:57:57 +0530 <ArshDhinjan> ‡§á‡§∏ ‡§∏‡§æ‡§¶‡§ó‡•Ä ‡§™‡•á ‡§ï‡•å‡§® ‡§® ‡§Æ‡§∞ ‡§ú‡§æ‡§è ‡§ê ‡§ñ‡§º‡•Å‡§¶‡§æ ‡§≤‡§°‡§º‡§§‡•á ‡§π‡•à‡§Ç ‡§î‡§∞ ‡§π‡§æ‡§• ‡§Æ‡•á‡§Ç ‡§§‡§≤‡§µ‡§æ‡§∞ ‡§≠‡•Ä ‡§®‡§π‡•Ä‡§Ç ‡•§ ~ ‡§Æ‡§ø‡§∞‡•ç‡§ú‡§º‡§æ ‡§ó‡§º‡§æ‡§≤‡§ø‡§¨ . #westandforfarmers  #Tractor2‡®ü‡®µ‡®ø‡©±‡®ü‡®∞ #JusticeForFarmers #KisanEktaZindaabaad  https://t.co/RBJUby5pXN,,,,,,,,,,,,
1334470026305314818 2020-12-03 17:40:22 +0530 <mehmi_varinder> @diljitdosanjh veere ehna vaah ni peya halle punjab aaleya nal dhonn te godda rakhna pena aa ehna de #farmerprotest #westandforfarmers #DiljitDosanjh,,,,,,,,,,,,
1334462595407863808 2020-12-03 17:10:50 +0530 <IamSimran_Gill> She utters Nonsense whenever she speaks  #mattBaksheTainu #westandforfarmers #FarmersProtest2020 #farmers #KisanMajdoorEktaZindabaad,,,,,,,,,,,,
1334447229336080384 2020-12-03 16:09:46 +0530 <AmanDeo73473959> #farmerprotest #westandforfarmers  @diljitdosanjh @jassbajwa_ @taapsee @TarsemJassar_  https://t.co/iYymbtZeE2,,,,,,,,,,,,
1334375594386132992 2020-12-03 11:25:07 +0530 <Harmanp07175223> Shame on godi media . Godi media never cast the reality of ground zero. But we fight together #westandforfarmers#farmersagitation  https://t.co/E8wcYQHq2R,,,,,,,,,,,,
1334366214387167234 2020-12-03 10:47:51 +0530 <HarmanpreeK> #Respect @KanganaTeam U need Psychiatrist and Eye Specialist. Get well soon! #FarmersProtest  #FarmersProtestChallenge  #Tractor2Twitter  #SpeakUpForFarmer  #westandforfarmers,,,,,,,,,,,,
1334167664327966723 2020-12-02 21:38:53 +0530 <myselfmeeet> @neet__gill Modi ‡®¢‡©Ç‡®Ü mraave kisaana lyi ardas waheguru agge malak fateh bakshe delhi jitt jitt shaddi hun v jitt ke pra sitt deni #KisaanMajdoorEktaZindabad #westandforfarmers #FarmersProtests #farmarprotest #TractorToTwitter,,,,,,,,,,,,
1334156313920643072 2020-12-02 20:53:47 +0530 <Navpreet_18> #westandforfarmers,,,,,,,,,,,,
1334143423775985664 2020-12-02 20:02:34 +0530 <asmeet_s> Ignorance ü§¶üèΩ‚Äç‚ôÄÔ∏è #IStandWithFarmers #westandforfarmers,,,,,,,,,,,,
1334140228173320195 2020-12-02 19:49:52 +0530 <ManvirAnttal> @diljitdosanjh #westandforfarmers #TractorToTwitter #westandwithfarmer,,,,,,,,,,,,
1334082926229606400 2020-12-02 16:02:10 +0530 <HarmanpreeK> üôè #FarmersProtest  #Farmersprotestschallenge  #TractorToTwitter  #boycottambaniadani  #istandforfarmers  #westandforfarmers,,,,,,,,,,,,
1334038259429621760 2020-12-02 13:04:40 +0530 <Varinde70441302> #bhakto Body k saare holes acche se open krke yeh suno, And agar apke pass thoda dimaag hai to isse samjh bhi lena... #FarmersProtestChallenge  #BoycottKanganaRanautChallenge  #westandforfarmers  üåæüåæüåæüåæüåæüåæüåæ,,,,,,,,,,,
1334032117500547072 2020-12-02 12:40:16 +0530 <Varinde70441302> @ndtv BJP's pet dogs will try everything to impress their #chaiwala #papa  This thing shows us how a citizen or a group can be bullied or harassed just to save ones false Ego... Worst govt till date!!  #westandforfarmers  #FarmersProstests  #Farmersprotestschallenge,,,,,,,,,,,,
1334025321922711552 2020-12-02 12:13:16 +0530 <tarunthapar95> #FarmersProtest  #KisaanMajdoorEktaZindabad  #farmerprotestchallenge  #westandforfarmers #StandWithFarmers   #standwithfarmerschallange    #SpeakUpForFarmers  @Pushpinder3k  https://t.co/YUaJikJDTC,,,,,,,,,,,,
1333992072362209282 2020-12-02 10:01:09 +0530 <HapiSingh2> #WeOpposeKisanBill  #NoFarmersNoFood  #supportkisan  #supportindianfarmers  #WeOpposeKisanBill  #shameonindiangovernment  #WeOpposeKisanBill  #westandforfarmers,,,,,,,,,,,,
1333780359733919744 2020-12-01 19:59:52 +0530 <HarmanpreeK> #westandforfarmers #FarmersProtests  #FarmersProtestChallenge,,,,,,,,,,,,
1333706430160007168 2020-12-01 15:06:06 +0530 <Singhkamal93> üî•üëçüèº #farmersprotest #westandforfarmers #wesupportfarmers,,,,,,,,,,,,
1333658263871647746 2020-12-01 11:54:42 +0530 <HarmanpreeK> #FarmersProtest  #farmersprotestchallenge #istandforfarmers  #westandforfarmers,,,,,,,,,,,,
1333537920976781313 2020-12-01 03:56:30 +0530 <kmanmeet0> #FarmersProtestChallenge #farmersprotest #westandforfarmers,,,,,,,,,,,,
1333503515356966913 2020-12-01 01:39:48 +0530 <Singhkamal93> üôè‚ù§ #kisaanmajdoorektazindabaad #FarmersBill2020 #farmersprotest #istandwithfarmerschallenge #westandforfarmers,,,,,,,,,,,,
1333430877318045696 2020-11-30 20:51:09 +0530 <SalomRaj9> ‡§∏‡§§‡•ç‡§§‡§æ ‡§ï‡§æ ‡§Ö‡§π‡§Ç‡§ï‡§æ‡§∞ ‡§ñ‡§º‡§æ‡§Æ‡•ã‡§∂ ‡§π‡•à ‡§î‡§∞ ‡§∏‡§°‡§º‡§ï ‡§™‡§∞ ‡§∂‡•ã‡§∞ ‡§π‡•à, ‡§è‡§ï ‡§§‡§∞‡§´ ‡§§‡§æ‡§®‡§æ‡§∂‡§æ‡§π‡•Ä ‡§Æ‡•ã‡§¶‡•Ä ‡§π‡•Å‡§ï‡§º‡•Ç‡§Æ‡§§ ‡§è‡§ï ‡§§‡§∞‡§´ ‡§ï‡§ø‡§∏‡§æ‡§®‡•ã‡§Ç ‡§î‡§∞ ‡§ú‡§µ‡§æ‡§®‡•ã‡§Ç ‡§ï‡§æ ‡§∏‡§Ç‡§ò‡§∞‡•ç‡§∑.... ‡§∞‡§æ‡§ú‡§®‡•Ä‡§§‡§ø ‡§î‡§∞ ‡§ï‡§ø‡§§‡§®‡§æ ‡§∂‡§∞‡•ç‡§Æ‡§∏‡§æ‡§∞ ‡§π‡•ã‡§ó‡•Ä.... ‡§®‡•á‡§§‡§æ ‡§Ö‡§™‡§®‡•á ‡§Æ‡§§‡§≤‡§¨ ‡§ï‡•á ‡§≤‡§ø‡§è ‡§¶‡•á‡§∂ ‡§§‡§¨‡§æ‡§π ‡§ï‡§∞‡§®‡•á ‡§ï‡•ã ‡§§‡•Å‡§≤‡•á ‡§π‡•à‡§Ç.... #WeStandForFarmers @INCIndia @RahulGandhi @INCMP @boxervijender,,,,,,,,,,,
1333399233135783937 2020-11-30 18:45:25 +0530 <AkashdeepTatla> Tractor‚Äôa ton Twitter te aye sare jatt boot da sawagat üö© ‡®ü‡®∞‡©à‡®ï‡®ü‡®∞‡®æ ‡®§‡©ã‡®Ç ‡®ü‡®µ‡®ø‡®ü‡®∞ ‡®§‡©á ‡®Ü‡®è ‡®ú‡©±‡®ü ‡®Æ‡©±‡®§ ‡®ï‡®ø‡®∏‡®æ‡®®‡®æ ‡®¶‡®æ ‡®∏‡®µ‡®æ‡®ó‡®§ üö©#westandforfarmers #Standwithfarmerschallenge,,,,,,,,,,,,
1333385907156758529 2020-11-30 17:52:28 +0530 <Singhkamal93> @drpsvvardhan Photo to purani hai bhaiya ji #kisaanmajdoorektazindabaad  #westandforfarmers #istandwithfarmerschallenge #farmersprotest,,,,,,,,,,,,
1333343275902787584 2020-11-30 15:03:03 +0530 <Singhkamal93> #westandforfarmers,,,,,,,,,,,,
1333333925842870273 2020-11-30 14:25:54 +0530 <Singhkamal93> #farmerprotest #westandforfarmers #godimedia,,,,,,,,,,,,
1333304881881501698 2020-11-30 12:30:30 +0530 <Singhkamal93> #westandforfarmers #modikeandhebhakt #FarmersProtests,,,,,,,,,,,,
1333179733534674948 2020-11-30 04:13:12 +0530 <DilRaj54274968> #westandforfarmers #standforfarmers #FarmersAreNotTerrorists,,,,,,,,,,,,
1332973251522269186 2020-11-29 14:32:43 +0530 <AbdulazeemAnsa9> ‡§ö‡•ã‡§ï‡•Ä‡§¶‡§æ‡§∞ ‡§¨‡§® ‡§ï‡•á ‡§§‡•ã ‡§¶‡•á‡§ñ ‡§≤‡§ø‡§Ø‡§æ  ‡§Ö‡§¨ ‡§ï‡§ø‡§∏‡§æ‡§® ‡§¨‡§® ‡§ï‡•Ä ‡§¶‡•á‡§ñ ‡§≤‡•ã #KisanProtest üôèüèΩüáÆüá≥ #westandforfarmers,,,,,,,,,,,,
1332965358391742464 2020-11-29 14:01:21 +0530 <SandhuuSatinder> @KanganaTeam pagl aurat eh bollywood de actor na smji jina tu bolya te oh kuj nhi kehnge punjabi hune aa asi na galat krde te na hi galat bardaash aa sade  naal soch smj k mooh kholi apna .#kisanektazindabaad #westandforfarmersüåæ,,,,,,,,,,,,
1332954587871862785 2020-11-29 13:18:33 +0530 <quirky_wanky> #FarmersProtest #FarmersAbovePolitics #westandforfarmers   Farmer Who Turned Off Water Cannon During Protest Now Booked Under Attempt To Murder, Rioting via @Indiatimes  https://t.co/8BRvoCDTOo,,,,,,,,,,,
1332951226594562048 2020-11-29 13:05:12 +0530 <chandigarhians1> #westandforfarmers #takbackfarmbills #FarmerProtest,,,,,,,,,,,,
1332651874508435457 2020-11-28 17:15:41 +0530 <shahikshatiya> #‡§Æ‡§∞‡§§‡§æ ‡§π‡•à #‡§ï‡§ø‡§∏‡§æ‡§® ‡§§‡•ã #‡§Æ‡§∞‡§®‡•á ‡§¶‡•ã,,‡§ï‡•ã‡§à #‡§∏‡•Å‡§∂‡§æ‡§Ç‡§§ ‡§•‡•ã‡§°‡§º‡•Ä ‡§π‡•à  #‡§â‡§ú‡§∞‡§§‡§æ ‡§π‡•à ‡§ñ‡•á‡§§ #‡§ñ‡§≤‡§ø‡§π‡§æ‡§® ‡§§‡•ã ‡§â‡§ú‡§∞‡§®‡•á ‡§¶‡•ã,, ‡§ï‡•ã‡§à #‡§ï‡§Ç‡§ó‡§®‡§æ ‡§ï‡§æ #‡§Æ‡§ï‡§æ‡§® ‡§•‡•ã‡§°‡§º‡•Ä  ‡§π‡•à !!!         #‡§ú‡§Ø_‡§ú‡§µ‡§æ‡§®_‡§ú‡§Ø_‡§ï‡§ø‡§∏‡§æ‡§®   #westandforfarmers,,,,,,,,
1332232745674711041 2020-11-27 13:30:12 +0530 <AntvIndia> Kab tak hoga kisano par atyachar Kya kar rahi hai #modisarkar Kuch bhi seh lega Hindustan lekin #anndata #farmer pe atyachar nahi sahega Zarur padne par is baar badlenge apni sarkarüí¢  #farmers #justiceforfarmers #shamefulact #antvindia #latestnews #westandforfarmers #SaveFarmers  https://t.co/MoUwP7uq0I,,,,,,,,,,,,
1320235593452953600 2020-10-25 10:57:48 +0530 <MS_Laghari95> €ÅŸÖÿßÿ±ÿß ⁄©ÿ≥ÿßŸÜ Ÿà€Å ŸÖÿÆŸÑŸàŸÇ €Å€í ÿ¨ÿ≥ ⁄©€å ÿÆŸàÿØ€å ÿ±€Å€å ⁄©Ÿàÿ¶€å ŸÜ€Å€å⁄∫€î Ÿæÿ± ÿß€å⁄© ÿ≥€í ÿ®⁄ë⁄æ ⁄©ÿ± ÿß€å⁄© ÿÆÿØÿß €Å€å⁄∫€î ÿ±Ÿàÿ≤ ÿßÿ™ŸÜ€í ÿ∑ŸÜÿ≤ Ÿà ÿ™ÿ¥ŸÜ€åÿØ ⁄©ÿß ÿ≥ÿßŸÖŸÜÿß ⁄©ÿ±ÿ™ÿß Ÿæ⁄ëÿß €Å€í ⁄©€Å ÿßÿ≥ ⁄©€å ÿ¨⁄Ø€Å Ÿæ€Åÿß⁄ë €ÅŸà⁄∫ ÿ™Ÿà ÿ±€åÿ≤€Å ÿ±€åÿ≤€Å €ÅŸà ÿ¨ÿßÿ¶€í€î ÿ®ÿßÿ≤ÿßÿ±Ÿà⁄∫ ŸÖ€å⁄∫ ŸÖÿ≤ÿØŸàÿ± ÿ®⁄©ÿ™€í ÿØ€å⁄©⁄æ€í ÿ™⁄æ€í€î ÿ≠ÿßŸÑÿßÿ™ €å€Åÿß⁄∫ Ÿæ€ÅŸÜ⁄Ü€í €Å€å⁄∫ ⁄©€Å ÿßÿ® ⁄©ÿ≥ÿßŸÜ ÿ®⁄æ€å ÿ®⁄© ÿ±€Åÿß €Å€í€î  #WeStandForFarmers,,,,,,,,,,,,
1318363809568837632 2020-10-20 07:00:00 +0530 <bimbsarrshahare> ‡§Ü‡§Æ‡§ö‡•á ‡§Æ‡•Å‡§ñ‡•ç‡§Ø‡§Æ‡§Ç‡§§‡•ç‡§∞‡•Ä ‡§∏‡§æ‡§π‡•á‡§¨ ‡§ï‡§ø‡§§‡•Ä ‡§≤‡§æ‡§ú‡§æ‡§≥‡•Ç‡•§ ‡§∂‡•á‡§§‡§ï‡§±‡•ç‡§Ø‡§æ‡§Ç‡§ö‡•ç‡§Ø‡§æ ‡§¨‡§æ‡§Ç‡§ß‡§æ‡§µ‡§∞ ‡§Ø‡•á‡§ä‡§® ‡§∂‡•á‡§§‡§ï‡§±‡•ç‡§Ø‡§æ‡§Ç‡§∂‡•Ä ‡§∏‡§Ç‡§µ‡§æ‡§¶ ‡§∏‡§æ‡§ß‡§æ‡§Ø‡§≤‡§æ ‡§™‡§£ ‡§≤‡§æ‡§ú ‡§µ‡§æ‡§ü‡§§‡•á? ‡§è‡§µ‡§¢‡§æ‡§ö ‡§Ü‡§Æ‡§ö‡•ç‡§Ø‡§æ ‡§¨‡§≥‡•Ä‡§∞‡§æ‡§ú‡§æ‡§¨‡§¶‡•ç‡§¶‡§≤ ‡§Æ‡§®‡§æ‡§§ ‡§¶‡•ç‡§µ‡•á‡§∑ ‡§Ö‡§∏‡•á‡§≤ ‡§§‡§∞ ‡§™‡•Å‡§®‡•ç‡§π‡§æ ‡§Æ‡§æ‡§ù‡•ç‡§Ø‡§æ ‡§¨‡§≥‡•Ä‡§∞‡§æ‡§ú‡§æ ‡§ï‡§°‡•á ‡§Ø‡•á‡§ä‡§® @OfficeofUT ‡§∏‡§æ‡§π‡•á‡§¨ ‡§Æ‡§§‡§æ‡§Ç‡§ö‡•Ä ‡§≠‡•Ä‡§ï ‡§Æ‡§æ‡§ó‡•Ç ‡§®‡§ï‡§æ‡•§ #westandforfarmers #‡§∏‡§Ç‡§™‡•Ç‡§∞‡•ç‡§£_‡§∏‡§∞‡§∏‡§ï‡§ü_‡§®‡•Å‡§ï‡§∏‡§æ‡§®_‡§≠‡§∞‡§™‡§æ‡§à #‡§ï‡§∞‡•ç‡§ú‡§Æ‡§æ‡§´‡•Ä,,,,,,,,,,,,
1315755543772884992 2020-10-13 02:15:41 +0530 <thanks558> #WeStandForFarmers   https://t.co/OCVBX8KJHr,,,,,,,,,,,,
1315594161710682113 2020-10-12 15:34:25 +0530 <CharanSingh___> This Is a top tier Banda! He‚Äôs using his voice and platform to show solidarity and support for Farmers in Punjab. üî•üî•üî• #WeStandForFarmers,,,,,,,,,,,,
1315593569814667264 2020-10-12 15:32:04 +0530 <LifeofMann> Superb üî•üëåüèΩ  #westandforfarmers ‚úäüèæ,,,,,,,,,,,,
1315553427271843845 2020-10-12 12:52:33 +0530 <RafSaperra> Some sentiments in honour and support for the farmers in Panjab.   Let ‚Äòem know that #WeStandForFarmers   https://t.co/LZJWzziJFU  https://t.co/2FyzOR3g7P,,,,,,,,,,,,
1308734256764432388 2020-09-23 17:15:36 +0530 <advocate_mondal> @Chef__RickyAITC @MahuaMoitra @KBanerjee_AITC #WeStandForFARMERS,,,,,,,,,,,,
1308733302640009216 2020-09-23 17:11:49 +0530 <aitcRicky> ‡¶Ü‡¶ú ‡¶∏‡¶Ç‡¶∏‡¶¶ ‡¶Ö‡¶ß‡¶ø‡¶¨‡ßá‡¶∂‡¶® ‡¶è‡¶∞ ‡¶¶‡¶∂‡¶Æ ‡¶¶‡¶ø‡¶®- ‡¶ö‡¶æ‡¶∑‡¶ø‡¶¶‡ßá‡¶∞ ‡¶™‡¶ï‡ßç‡¶∑‡ßá ‡¶™‡ßç‡¶∞‡¶§‡¶ø‡¶¨‡¶æ‡¶¶ ‡¶∏‡¶≠‡¶æ‡•§ ‡¶ï‡ßÉ‡¶∑‡¶ï‡¶¶‡ßá‡¶∞ ‡¶ú‡¶®‡ßç‡¶Ø ‡¶§‡ßÉ‡¶£‡¶Æ‡ßÇ‡¶≤ ‡¶ï‡¶Ç‡¶ó‡ßç‡¶∞‡ßá‡¶∏‡ßá‡¶∞ ‡¶≤‡¶°‡¶º‡¶æ‡¶á ‡¶ö‡¶≤‡¶õ‡ßá ‡¶ö‡¶≤‡¶¨‡ßá!  @MahuaMoitra @KBanerjee_AITC ‡¶Æ‡¶Æ‡¶§‡¶æ ‡¶¨‡ßç‡¶Ø‡¶æ‡¶®‡¶æ‡¶∞‡ßç‡¶ú‡ßÄ ‡¶ú‡¶ø‡¶®‡ßç‡¶¶‡¶æ‡¶¨‡¶æ‡¶¶ ‡¶§‡ßÉ‡¶£‡¶Æ‡ßÇ‡¶≤ ‡¶ï‡¶Ç‡¶ó‡ßç‡¶∞‡ßá‡¶∏ ‡¶ú‡¶ø‡¶®‡ßç‡¶¶‡¶æ‡¶¨‡¶æ‡¶¶ #‡§ï‡§æ‡§≤‡§æ_‡§ï‡§æ‡§®‡•Ç‡§®_‡§∏‡§Ç‡§µ‡§ø‡§¶‡§æ_‡§µ‡§æ‡§™‡§∏_‡§≤‡•ã #FarmBill2020 #WeStandForDemocracy #WeStandForFarmers  https://t.co/6qnzDZyi5H,,,,,,,,,,,,
1306999691238764549 2020-09-18 22:23:03 +0530 <PritamBehura> The debates level is so high and it should be have this type...... No other things except debate topic üëç @PandaJay @mp_office @IndiaToday @SachinPilot @sardesairajdeep #westandforfarmers  https://t.co/Drodj3JGAv,,,,,,,,,,,,
1209001962097672192 2019-12-23 12:15:04 +0530 <DairyGyanIndia> ‡§≠‡§æ‡§∞‡§§‡§µ‡§∞‡•ç‡§∑ ‡§ï‡•á ‡§π‡§∞ ‡§è‡§ï ‡§ï‡§ø‡§∏‡§æ‡§® ‡§ï‡•ã ‡§°‡•á‡§∞‡•Ä ‡§ú‡•ç‡§û‡§æ‡§® ‡§ï‡•Ä ‡§§‡§∞‡§´ ‡§∏‡•á ‡§ï‡§ø‡§∏‡§æ‡§® ‡§¶‡§ø‡§µ‡§∏ ‡§ï‡•Ä ‡§π‡§æ‡§∞‡•ç‡§¶‡§ø‡§ï ‡§∂‡•Å‡§≠‡§ï‡§æ‡§Æ‡§®‡§æ‡§è‡§Å‡•§ #kisan #indianfarmers #dairygyan  #farming #westandforfarmers #salute #farmersday  https://t.co/aBLIGB91kn,,,,,,,,,,,,
816841908982906880 2017-01-05 08:31:01 +0530 <ranjithanbu22> ‡Æ§‡Æ©‡Øç‡Æ©‡ØÄ‡Æ∞‡Øç ‡Æµ‡Æ∞‡Ææ‡ÆÆ ‡ÆÖ‡Æ®‡Øç‡Æ§ ‡Æµ‡Æø‡Æµ‡Æö‡Ææ‡ÆØ‡Æø ‡Æ§‡Æ±‡Øç‡Æï‡Øä‡Æ©‡Æ≤ ‡Æ™‡Æ£‡Øç‡Æ£‡Æø‡Æï‡Æø‡Æü‡Øç‡Æü‡Ææ‡Æ©‡Ææ ‡ÆÖ‡Æµ‡Æ∞‡Øç‡Æï‡Æ≥‡Øç ‡Æï‡ØÅ‡Æü‡ØÅ‡ÆÆ‡Øç‡Æ™‡Æô‡Øç‡Æï‡Æ≥‡Øç ‡Æ®‡Æï‡Øç‡Æö‡Æ≤‡Øç‡Æï‡Æ≥‡Æø‡Æ©‡Øç ‡Æ™‡Ææ‡Æ©‡Æ§‡Æ©‡ÆØ ‡Æ™‡Æø‡Æ©‡Øç‡Æ§‡Øä‡Æü‡Æ∞‡ØÅ‡ÆÆ‡Øç ‡ÆÖ‡Æ™‡Ææ‡ÆØ‡ÆÆ‡Øç ‡Æâ‡Æ≥‡Øç‡Æ≥‡Æ§‡ØÅ #westandforfarmers,,,,,,,,,,,,
[!] No more data! Scraping will stop now.,,,,,,,,,,,,
found 0 deleted tweets in this search.,,,,,,,,,,,,
